Creator,Tiktok rate:,tiktok,instagram reel:,insta:,snapchat rate:,snapchat:,yt shorts,yt shorts rate:,Niche,
BEAUTY CREATORS,,,,,,,,,,
Jazzy,"$2,000.00",https://www.tiktok.com/@jazzybaby99?lang=en,"$2,000.00",https://www.instagram.com/jxsmnetea/?hl=en,- ,-,-,-,beauty,
Matteo Randon,"$4,000.00",https://www.tiktok.com/@mattrandon,"$5,500.00",https://www.instagram.com/mattrandon/,-,-,https://www.youtube.com/@MattRandon,"$3,000.00",beauty,
Faithdelacruz,"$6,750",https://www.tiktok.com/@faithdelacruz_,-,-,-,-,-,-,Beauty,
Sydney Belle,"$2,000",https://www.tiktok.com/@thesydneybelle,"$2,000",https://www.instagram.com/thesydneybelle/?hl=en,-,-,-,-,Beauty,
Gabby Vigorito,"$2,500",https://www.tiktok.com/@gabriella_vigorito,"$1,000",https://www.instagram.com/gabriella__vigorito/reels/?hl=en,-,-,-,-,Beauty,
Isaa,"$1,000",https://www.tiktok.com/@grwm._isaaa,"$1,000",https://www.instagram.com/grwm._isaaa/?hl=en,-,-,-,-,beauty,
Samantha Sherer,"$1,500",https://www.tiktok.com/@thecoachsamantha?_t=8h0QbmHFHjT&_r=1,"$1,000",https://www.instagram.com/thecoachsamantha/?hl=en,-,-,-,-,beauty/parent,
Mumma Mics ASMR,-,-,-,-,-,-,https://www.youtube.com/@Mummamicasmr,$600,Beauty ASMR,
Alice Hez,$400,https://www.tiktok.com/@alice_hez,-,-,-,-,-,-,Beauty,
Isabela,-,https://www.tiktok.com/@isamanescu,-,https://www.instagram.com/isamanescu/?hl=en,-,-,-,-,Beauty/work,eu
Tessa.bear,-,https://www.tiktok.com/@tessa.bear,-,-,-,-,-,-,Dance/Beauty,
Katie Angel,"$4,000",https://www.tiktok.com/@katieangeltv1,"$5,000",https://www.instagram.com/katieangeltv,-,-,https://www.youtube.com/@KatieAngelTV_,"$2,000",beauty/fashion,eu
skylar rose,"$2,500",https://www.tiktok.com/@skysayingthings,"$2,500",https://www.instagram.com/skysayingthings?igsh=cjFxNnkxdHJ2Mm4x&utm_source=qr,-,-,-,-,beauty/lifestyle,
Mariam george,"$1,700",https://www.tiktok.com/@themariamgeorge,-,"$2,000",-,-,https://www.youtube.com/@Themariamgeorge/shorts,"$1,000",beauty,
lily,-,https://www.tiktok.com/@lilyisalilsleepy?lang=en,-,-,-,-,-,-,Beauty,
FOOD CREATORS,,,,,,,,,,
Jillz Foodz,"$5,000.00",https://www.tiktok.com/@jillzfoodz_,"$4,000.00",https://www.instagram.com/jillzfoodz___/?hl=en,-,JillzFoodz1,https://www.youtube.com/@jillzfoodz,TBD,Lifestyle/food,
Kim n Liza ASMR,"$15,000.00",https://www.tiktok.com/@kimnlizasmr?lang=en,-,-,-,-,https://www.youtube.com/@KimLizASMR/videos,"$20,000.00",food,
Angelo M,"$20,000.00",https://www.tiktok.com/@_angelomarasigan ,"$15,000.00",https://www.instagram.com/_angelo.marasigan/,-,-,-,-,food/lifestyle,
ben ried,"$4,000",https://www.tiktok.com/@itsbenreid,"$2,500",https://www.instagram.com/ben_reid_?utm_source=ig_web_button_share_sheet&igsh=ZDNlZDc0MzIxNw==,-,-,-,-,Food/pranks,
Aubreyandnikki,$500,https://www.tiktok.com/@aubreyandnikki,-,-,-,-,-,-,Food,
Blatant Reviews,-,https://www.tiktok.com/@blatantreviews,-,https://www.instagram.com/blatantreviewz/reels/?hl=en,-,-,-,-,Food,
Naomi,-,https://www.tiktok.com/@naomis_life16,-,-,-,-,-,-,Food,
FITNESS CREATORS,,,,,,,,,,
Matthew Scriv,"$8,000.00",https://www.tiktok.com/@matthewscriv?lang=en,"$4,000.00",https://www.instagram.com/matthewscriv/?hl=en,-,-,https://www.youtube.com/watch?v=9Vc1jBVOLx8,"$8,000.00",Fitness,
Sandhya Fitness,"$10,000.00",https://www.tiktok.com/@sandsxfitness?_t=8jvKY7HZR4a&_r=1,"$8,000.00",https://www.instagram.com/sandsxfitness/,-,-,-,-,Fitness,
erictght,$500,https://www.tiktok.com/@ericthgt,"$8,000",https://www.instagram.com/ericthgt?utm_source=ig_web_button_share_sheet&igsh=ZDNlZDc0MzIxNw==,-,-,-,-,Fitness,
joe shulk,"$2,250",https://www.tiktok.com/@joeshulk,"$2,250",https://www.instagram.com/joeshulk/?hl=en,"$1,000",@joeshu1k,https://www.youtube.com/@joeshulk,"$2,250",Fitness,
SkylerGlaze,$850,https://www.tiktok.com/@skylerglazee,-,-,-,-,-,-,Fitness,
Sarah Johnston,"$1,250",https://www.tiktok.com/@sarahjohnstonfit,"$1,500",https://www.instagram.com/sarahjohnstonfit/reels/?hl=en,-,-,-,-,Fitness,
Dylan Kolak,"$2,500",https://www.tiktok.com/@dylan.kolak,-,-,-,-,-,-,Fitness,
Lauren ,-,-,-,https://www.instagram.com/laurennbfit/?hl=en,-,-,-,-,Fitness,
kevin torres,-,-,"$1,500",https://www.instagram.com/dadbod_wod/reels/?hl=en,-,-,-,-,Fitness,
Mitchell Hooper,-,-,"$10,000",https://www.instagram.com/mitchellhooper/?hl=en,-,-,https://www.youtube.com/@mitchellhooperstrongman,"$15,000 integrated",Fitness,
Dr.jordan,-,-,"$1,750",https://www.instagram.com/docjord,-,-,-,-,Healthy lifestyle,
COMEDY/SKIT CREATORS,,,,,,,,,,
Jerome ,"$1,800.00",https://www.tiktok.com/@jeromenolabel,-,-,-,-,-,-,Comedy/pranks,
sethmakestiktoks,"$3,700",https://www.tiktok.com/@shepherdmakestiktoks,"$3,700",https://www.instagram.com/itsjustshepherd/reels/?hl=en,-,-,-,-,Comedy/skits,
Tommy Guarino,"$5,000",https://www.tiktok.com/@tommyguarino,"$5,000",https://www.instagram.com/tommy.guarino?utm_source=ig_web_button_share_sheet&igsh=ZDNlZDc0MzIxNw==,-,-,-,-,Comedy/skits,
Tommy Soleman,"$4,000",https://www.tiktok.com/@tommysolemn,-,-,-,-,-,-,comedy/skits,
Trevor Abney,"$7,500",https://www.tiktok.com/@thetrevorabney,-,https://www.instagram.com/trevor_abney/,-,-,-,-,Comedy/skits,
juan palomino,"$1,000",https://www.tiktok.com/@.juanpalo,-,-,-,-,-,-,Lifestyle/comedy,
corey,"$5,500",https://www.tiktok.com/@coreyscherer,-,-,-,-,-,-,Comedy/skits,
nick andrisin,"$1,500",https://www.tiktok.com/@nickandrisin,-,-,-,-,-,-,Skits,
gianluca,"$3,000",https://www.tiktok.com/@gianlucaficaraa,-,-,-,-,-,-,comedy/lip sync,
parker locke,"$12,000",https://www.tiktok.com/@parkerlocke,-,-,-,-,-,-,skits,
Robert Martinez,"$2,000",https://www.tiktok.com/@robertmart1nez,"$2,000",https://www.instagram.com/robertmartinezreels/?hl=en,-,-,https://www.youtube.com/@RM24/videos,"$2,000",family/comedy,
Angel,"$10,000",https://www.tiktok.com/@angel.makee,-,-,-,-,-,-,Comedy/Skits,
antonio griggs,$800,https://www.tiktok.com/@griggstv,-,https://www.instagram.com/griggstv/?hl=en,-,-,-,-,comedy,
jimi jackson,"$3,000",https://www.tiktok.com/@jimijackson?lang=en,-,-,-,-,https://www.youtube.com/@JimiJacksonTV,"$2,000",Comedy/Skits,
Josh Robinson,"$8,000",https://www.tiktok.com/@joshua.robinson,-,-,-,-,-,-,Comedy/skits,
OSHUclips,"$6,000",https://www.tiktok.com/@joshua.robinson,"$1,000",https://instagram.com/oshuclips?igshid=YmMyMTA2M2Y=,"$1,000",https://snapchat.com/t/NYpu3Czu,"$1,000",https://youtube.com/@oshuyt?si=yCj3Ya2gP-ut55Mk,comedy/skits,
NoLimitJay,$900,https://www.tiktok.com/@nolimitjay_,-,-,-,-,-,-,Comedy,
Kevin chamberlin,"$8,000",https://www.tiktok.com/@chamberlin_kevin,-,https://www.instagram.com/chamberlin.kevin/?hl=en,"$6,000",-,-,-,Lifestyle/comedy,
James,offer,https://www.tiktok.com/@james____edward,-,-,-,-,-,-,comedy/skits,
Dylan Wallace,$300,https://www.tiktok.com/@dylanwalllace,"$2,000",https://www.instagram.com/dylanwalllace,-,-,https://www.youtube.com/@DylanWallaceYouTube,$300,comedy/skits,
TyeBaby,"$3,500",https://www.tiktok.com/@tyebaby21,-,\https://www.instagram.com/tyebillion/?hl=en,-,-,https://www.youtube.com/@tyebabyw,-,comedy/skits,
AnxietyDoll,$750,https://www.tiktok.com/@anxiety_doll,-,-,-,-,-,-,comedy,
Markeyce Randall,$550,https://www.tiktok.com/@markeyce.randall,$550,https://www.instagram.com/theonlykeyce/?hl=en,.,-,-,-,comedy/skits,
Patrick Cutler,"$1,000",https://www.tiktok.com/@patrickwcutler,"$1,000",https://www.instagram.com/patrickwcutler_official/reels/?hl=en,-,-,-,-,comedy/skits,
NoahSession,$300,https://www.tiktok.com/@noaahsession,"$2,000",https://www.instagram.com/noaahsession,-,-,-,-,comedy,
Wormmy,$50,https://www.tiktok.com/@ayeyooworm,$50,https://www.instagram.com/ayeyooworm/reels/?hl=en,-,-,-,-,Comedy,
Zach perezz,-,https://www.tiktok.com/@zachperezz,-,-,-,-,-,-,Comedy/Skits,
Sean Odigie,-,https://www.tiktok.com/@notseanodigie,-,https://www.instagram.com/seanodigie/?hl=en,-,-,https://www.youtube.com/@seanodg/videos,-,Comedy/Skits,
victor ivyic,-,https://www.tiktok.com/@victor_ivyic,-,https://www.instagram.com/victor_ivyic/?hl=en,-,-,-,-,Comedy/Skits,
kzhaze,-,https://www.tiktok.com/@notkchaze,-,-,-,-,-,-,Comedy/skits,
NDJ,-,https://www.tiktok.com/@nathandavisjrndj,-,https://www.instagram.com/nathandavisjrndj/?hl=en,-,-,-,-,Comedy/Skits,
Bryan Kazaka,"$1,200",https://www.tiktok.com/@bryankazaka,$700,https://www.instagram.com/bryankazaka/?hl=en,-,-,-,-,comedy/reaction,
David Rosenberg,"$5,000",https://www.tiktok.com/@davidrosenberg,"$1,000",https://www.instagram.com/trucchainz/,-,-,-,-,Prank/experiment,
Those Guys,-,https://www.tiktok.com/@thoseguys03?lang=en,-,https://www.instagram.com/thoseguys03?igshid=OGQ5ZDc2ODk2ZA%3D%3D,-,-,-,-,comedy/skits,
LIFESTYLE CREATORS,,,,,,,,,,
clarence sharp,$450,https://www.tiktok.com/@whosclarence,-,-,-,-,-,-,Lifestyle ,
jimmy prensell,"$2,500",https://www.tiktok.com/@jimmypresnell2,"$2,500",https://www.instagram.com/jimmypresnell,-,-,-,-,Lifestyle,
sam zia,"$10,000",https://www.tiktok.com/@samm.zia,-,-,-,-,-,-,Lifestyle,
Mackenzie Turner,"$5,000",https://www.tiktok.com/@mackenzieturner0,-,-,-,-,-,-,Lifestyle,
Sarah Grayson,"$2,000",https://www.tiktok.com/@sarahgraysun,"$2,500",https://www.instagram.com/sarahgraysun/reels/?hl=en,-,https://www.youtube.com/@sarahgraysun/shorts,"$1,000",-,Lifestyle/family,
Noah Danenhower,"$2,000",https://www.tiktok.com/@itsnoah.d,"$3,000",https://www.instagram.com/itsnoah.d/?hl=en,-,-,https://www.youtube.com/@itsnoah.d,$800,Lifestyle,
Madeline,"$4,000",https://www.tiktok.com/@madlovesripley,"$3,000",https://www.instagram.com/madlovesripley/?hl=en,insta story $400,-,https://www.youtube.com/@madlovesripley,"$2,000",Lifestyle,
Joshua kim,"$1,000",https://www.tiktok.com/@joshuaraykim,-,https://www.instagram.com/joshuaraykim,-,-,https://www.youtube.com/@JoshuaRayKim,-,Lifestyle,
Nicolas Chae,-,-,-,-,-,-,https://www.youtube.com/@NicolasChae,Offer,Lifestyle/vlogs,
Grace Allen,$300,https://www.tiktok.com/@graceallen3,-,-,-,-,-,-,lifestyle,
clara and trey,"$7,000",https://www.tiktok.com/@clara.rose.bell,-,-,-,-,-,-,lifestyle/family,
AceBKing,-,https://www.tiktok.com/@acebking?lang=en,-,https://www.instagram.com/acebking/?hl=en,-,-,-,-,,
FASHION CREATORS,,,,,,,,,,
Kate Nita,"$10,000",https://www.tiktok.com/@kate.nita.off,"$10,000",https://www.instagram.com/kate.nita/?hl=en,-,-,-,-,Fashion/Dance,
ava kolker,"$10,000",https://www.tiktok.com/@avakolker,"$8,000",https://www.instagram.com/avakolker?utm_source=ig_web_button_share_sheet&igsh=ZDNlZDc0MzIxNw==,"$6,000",@avagkolker,https://www.youtube.com/@avakolker,"$5,000",Fashion/lifestyle,
calystabelle,"$2,500",https://www.tiktok.com/@calysta.belle,"$2,750",https://www.instagram.com/calystabellee/reels/?hl=en,"$1,000",calystabelle,https://www.youtube.com/results?search_query=calystabelle,$500 short,fashion/dance,
Delaney Lee,"$1,500",https://www.tiktok.com/@notdelaneylee2.0,"$1,000",https://www.instagram.com/notdelaneylee2.0/reels/?hl=en,-,-,-,-,Fashion/Lifestyle,
Dre Familia,"$2,000",https://www.tiktok.com/@killedbydre,"$2,000",https://www.instagram.com/killedbydre/?hl=en,-,-,https://www.youtube.com/@Killedbydre,"$1,000",Fashion/Music,
Nathan Cajina,-,https://www.tiktok.com/@nathancajina,-,-,-,-,-,-,Lifestyle,
TECH CREATORS,,,,,,,,,,
Gage Wilson,"$2,500",https://www.tiktok.com/@gageslife,-,-,-,-,-,-,Gadgets/tech,
consumertechreview,-,-,-,-,-,-,https://www.youtube.com/@ConsumerTechReview,$2500 integratin,Tech,
ValisMind,-,-,-,-,-,-,https://www.youtube.com/@valismind/videos,$4000 dedicated,Tech,
this is tech today,"$1,000",https://www.tiktok.com/@thisistechtoday,https://www.instagram.com/thisistechtoday/?hl=en,"$3,000",-,-,https://www.youtube.com/@ThisIsTechToday/videos,"$20,000",Tech,
DANCE CRETORS,,,,,,,,,,
dakota izard,"$1,000",https://www.tiktok.com/@dakota.izard,-,https://www.instagram.com/dakota.izard/?hl=en,-,-,-,-,dance,
caleb green,"$5,000",https://www.tiktok.com/@caleb.green,-,https://www.instagram.com/caleb.greenn/?hl=en,-,-,-,-,Dance,
Shidaa,"$5,000.00",https://www.tiktok.com/@shidaa.c?lang=en,"$5,000",https://www.instagram.com/shidaacharwayy/reels/?hl=en,-,-,-,-,Dance,
Zaiii,"$2,600",https://www.tiktok.com/@zaii623,-,-,-,-,-,-,dance,
dance tutroials,-,https://www.tiktok.com/@__dance__tutorialss_,-,-,-,-,-,-,Dance,
Mercy !,-,https://www.tiktok.com/@l0rdhavemercii,-,-,-,-,-,-,Dance/lifestyle,
COSPLAY CREATORS,,,,,,,,,,
TenniTe,-,https://www.tiktok.com/@tennite,-,https://www.instagram.com/tennite_,-,-,-,-,CosPlay,
Ava_leeigh,-,https://www.tiktok.com/@ava_leeigh,-,-,-,-,-,-,CosPlay,
PARENTING CREATORS,,,,,,,,,,
ashley embers,-,-,-,-,-,-,https://www.youtube.com/@AshleyEmbers/videos,"$5,000",Talking/parent,
Lauren M,-,-,$650.00,https://www.instagram.com/lauren.midgley/,-,-,https://www.youtube.com/channel/UCWWM1ORiZ7zXE94LgEcocYg,"$2,000.00",Cleaning/Parent,
Brothersandmother,"$1,800",https://www.tiktok.com/@brothersandmother,"$1,800",https://www.instagram.com/brothersandmother/?hl=en,-,-,-,-,parenting,
LIP SYNC CREATORS,,,,,,,,,,
Tyron Klynhans,$650,https://www.tiktok.com/@tyy.k,$400,https://www.instagram.com/itstyy.k/,-,-,-,-,Lip Sync,
spents,"$6,000",https://www.tiktok.com/@spents,-,-,-,-,-,-,Lip Sync,
TRAVEL CREATORS,,,,,,,,,,
Georgene Loh,"$2,500",https://www.tiktok.com/@hausbyg,"$3,500",https://www.instagram.com/hausbyg/,-,-,https://www.youtube.com/@HausByG,"$2,500",travel,
passport visionz,-,https://www.tiktok.com/@passportvisionz_,-,https://www.instagram.com/passportvisionz__/?hl=en,-,-,-,-,Travel,
Travis Leon,"$1,500",https://www.tiktok.com/@travisleon1,"$1,500",https://www.instagram.com/travisleon1/,-,-,-,-,Travel,
Therealtarzann,-,https://www.tiktok.com/@therealtarzann,-,https://www.instagram.com/therealtarzann/?hl=en,-,-,https://www.youtube.com/@THEREALTARZANN,-,Travel/Outdoors,
TALKING CREATORS,,,,,,,,,,
Cvillain,-,https://www.tiktok.com/@cvillainnn,-,-,-,-,-,-,Talking ,
barmitzvah.dancer,-,https://www.tiktok.com/@barmitzvah.dancer,-,-,-,-,-,-,Talking,
Arianna Lillie,$100,https://www.tiktok.com/@arianna_lillie,-,-,-,-,-,-,Talking,
Aurora,"$2,000",https://www.tiktok.com/@auroramccausland,-,-,-,-,-,-,Talking,
SOCCER CREATORS,,,,,,,,,,
FatCrunch,-,-,"$12,500",https://www.instagram.com/futcrunch/,-,-,https://www.youtube.com/@futcrunch,"$55,000",soccer,
Tumi4L,$400.00,https://www.tiktok.com/@tumi4l_,$200.00,https://www.instagram.com/tumi4l_/?igsh=OGswdWt5eHNoYmJn&utm_source=qr,-,-,-,,soccer,
Ben Nutall,"$7,500.00",https://www.tiktok.com/@bnfreestyle,-,-,-,-,https://www.youtube.com/@bnfreestyle,"$6,000.00",soccer,
fplgraduates,$500.00,https://www.tiktok.com/@fplgraduates,-,-,-,-,-,,soccer,
FPL wire,-,-,-,-,-,-,https://www.youtube.com/@TheFPLWireFantasyPremierLeague,$250.00,soccer,
Jonny,"$6,000.00",https://www.tiktok.com/@jonny.45?_t=8n1fLnFFK2y&_r=1,"$4,000.00",https://www.instagram.com/jonny.45n/?igsh=MTZ5ZTB1bGZtaXhhOQ%3D%3D&utm_source=qr,-,-,https://www.youtube.com/@jonny.45,$400.00,soccer,
BASKETBALL CREATORS,,,,,,,,,,
sevenfold,-,-,-,https://www.instagram.com/sevenfoldtheos/?hl=en,-,-,-,-,Basketball,
Henry Hoops,-,-,-,-,-,-,https://www.youtube.com/@HenryHoops,$2500 60s,Basketball,
twothree,-,-,-,-,-,-,https://www.youtube.com/@ModernTwoThree,"$1,500",Basketball,
out of bounds,-,-,-,-,-,-,https://www.youtube.com/@Outofboundshoops,"$3,000",Basketball,
Matt Ilodigwe,-,https://www.tiktok.com/@matttyice5?lang=en,-,https://www.instagram.com/mattilodigwe/?hl=en,-,-,https://www.youtube.com/@mattilodigwe5,-,,
ASMR CREATORS,,,,,,,,,,
Dong asmr,"$1,500",https://www.tiktok.com/@realdongasmr,"$1,500",https://www.instagram.com/dongasmr/?hl=en,-,-,https://www.youtube.com/@DongASMR,2000-4000,ASMR,
The ASMR Outdoorsman,-,-,-,-,-,-,https://www.youtube.com/@The-ASMR-Outdoorsman/videos,$400,ASMR,
Katie ASMR,"$1,000",https://www.tiktok.com/@katieasmr00?lang=en,"$1,000",https://www.instagram.com/xokatie_asmr/reels/?hl=en,-,-,https://www.youtube.com/@ilovekatieasmr,"$1,000",ASMR,
COOKING CREATORS,,,,,,,,,,
Bigggwinter,-,-,-,https://www.instagram.com/bigggwinter/reels/?hl=en,-,-,-,-,Cooking,
Connordoescoffee,-,https://www.tiktok.com/@connordoescoffee,-,https://www.instagram.com/connordoescoffeee,-,-,https://www.youtube.com/channel/UCWOYXNIr0SlT8urn-GVWHwA,-,Coffee,
GAMING CREATORS,,,,,,,,,,
Notkenneth,$600,https://www.tiktok.com/@imnotkenneth,.,,-,-,-,-,Gaming,
Mapicc,-,-,-,-,-,-,https://www.youtube.com/@MapiccMc,"$4,000",Gaming,
Average Game Reviews,-,-,-,-,-,-,https://www.youtube.com/channel/UC-qTih01HkZdIhvw119yMwQ,"$1,300",Gaming,
Xperia,"$2,000",https://www.tiktok.com/@xperia_minecraft?lang=en,-,-,-,-,-,-,Gaming,
stony the great,-,https://www.tiktok.com/@stoney_tha_great,-,-,-,-,-,-,Gaming,
Recliner Chan,$500,https://www.tiktok.com/@reclinergaming,-,-,-,-,-,-,Gaming,
Evan Solo,"$3,000",https://www.tiktok.com/@evan.solo,-,-,-,-,-,-,Gaming,
Blissful reina,-,https://www.tiktok.com/@blissfulreina,-,-,-,-,-,-,Gaming,
ChompTV,$800,https://www.tiktok.com/@chomptv.live,-,-,-,-,https://www.youtube.com/@ChompTV,$800,Gaming,
SudoTV,-,https://www.tiktok.com/@sudoftw?lang=en,-,-,-,-,-,-,Gaming,
Eric Song,$600,https://www.tiktok.com/@ericpandasong?lang=en,-,-,-,-,-,-,Gaming,
breezy,-,https://www.tiktok.com/@_tbreeezy,-,-,-,-,-,-,Gaming,
Paulie,"$3,000",https://www.tiktok.com/@paulie.brokaw?lang=en,"$4,000",https://www.instagram.com/pauliebrokaw/?hl=en,-,Sound promo $1000,-,-,Gaming,
kidshadoe,-,https://www.tiktok.com/@kidshadoe?lang=en,-,-,-,-,-,-,Gaming,
Rawzu,"$1,500",https://www.tiktok.com/@itsrawzu,-,-,-,-,https://www.youtube.com/@Rawzu,"$2,000",Gaming,
TreJay Games,-,https://www.tiktok.com/@trejaygames,-,-,-,-,-,-,Gaming,
Bri  ,$200,https://www.tiktok.com/@bridezi,-,-,-,-,-,-,Gaming,
Schlayer,-,https://www.tiktok.com/@schlayer2.0,-,-,,-,-,-,Gaming,
Kaizy,-,https://www.tiktok.com/@kaizy_fn,-,-,-,-,-,-,Gaming,
Rock op,-,https://www.tiktok.com/@.rockop,-,-,-,-,-,-,Gaming,
Royall,-,https://www.tiktok.com/@heyroyall,-,-,-,-,-,-,Gaming,
Turan,-,https://www.tiktok.com/@turantiktok,-,-,-,-,-,-,Gaming,
Svvagy,-,https://www.tiktok.com/@svvagybwse,-,-,-,-,-,-,Gaming,
zod.doctor,-,https://www.tiktok.com/@zod.doctor,-,-,-,-,-,-,Gaming,
soliopz,-,https://www.tiktok.com/@soliopz,-,-,-,-,-,-,Gaming,
Kaizen_ow,-,https://www.tiktok.com/@kaizen_ow,-,-,-,-,-,-,Gaming,
Valtoko,-,https://www.tiktok.com/@valtoko,-,-,-,-,-,-,Gaming,
Darling Neon,-,https://www.tiktok.com/@darlingnoen,-,-,-,-,-,-,Gaming,
Diablo,-,https://www.tiktok.com/@vrdiablo,-,-,-,-,https://www.youtube.com/@VRDiablo/videos,-,Gaming,
KevinFN,-,https://www.tiktok.com/@lekevinfn,-,-,-,-,-,-,Gaming,
Gift,$300,https://www.tiktok.com/@giftsofunny,-,-,-,-,-,-,Gaming,
Solarties,$300,https://www.tiktok.com/@solarties,-,-,-,-,-,-,Gaming,
Kinja,"$1,000",https://www.tiktok.com/@notkinja,-,-,-,-,-,-,Gaming,
James flux,"$1,500",https://www.tiktok.com/@jamesflux_,-,-,-,-,-,-,Gaming,
Sideflipz,$400,https://www.tiktok.com/@sideflipz,-,-,-,-,-,-,Gaming,
Statciss,$200,https://www.tiktok.com/@staticcsfn,-,-,-,-,-,-,Gaming,
ifolksme,$750,https://www.tiktok.com/@ifolksmeyt,-,-,-,-,-,-,Gaming,
Faze Lacy,"$5,000",https://www.tiktok.com/@lacy,-,-,-,-,-,-,Gaming,
Xen Brando,"$1,500",https://www.tiktok.com/@2xbrando?lang=en,-,-,-,-,-,-,Gaming,
Not sr3,$300,https://www.tiktok.com/@notsr3?lang=en,-,-,-,-,-,-,Gaming,
Wenzbenz,$300,https://www.tiktok.com/@wezbenz,-,-,-,-,-,-,Gaming,
Hydraszn,$300,https://www.tiktok.com/@hydraszn,-,-,-,-,-,-,Gaming,
ninj,"$1,000",https://www.tiktok.com/@ninjszn,-,-,-,-,-,-,Gaming,
Wyatt Mcclure,"$1,000",https://www.tiktok.com/@wyattmccluree,-,-,-,-,-,-,Gaming,
ccu nick,$300,https://www.tiktok.com/@ccu.nick?lang=en,-,-,-,-,-,-,Gaming,
Zeven,"$2,500",https://www.tiktok.com/@zevenyt?lang=en,-,-,-,-,-,-,Gaming,
Patrickman,$500,https://www.tiktok.com/@patrickman__,-,-,-,-,-,-,Gaming,
1337soup,$500,https://www.tiktok.com/@1337soup,-,-,-,-,-,-,Gaming,
FreakyNaughty,$800,https://www.tiktok.com/@freakynaughty,-,-,-,-,-,-,Gaming,
Xen Jivi,$800,https://www.tiktok.com/@officialjivi,-,-,-,-,-,-,Gaming,
eggsterr,"$1,300",https://www.tiktok.com/@eggsterr,-,-,-,-,https://www.youtube.com/@Eggsterr/videos,"$2,000",Gaming,
Bhronos,"$3,500",https://www.tiktok.com/@bhronosfn,-,-,-,-,-,-,Gaming,
Fortnite tiktoks,"$2,500",https://www.tiktok.com/@fortnitetiktoks38,-,-,-,-,-,-,Gaming,
magix,"$10,000",https://www.tiktok.com/@magixmc,-,-,-,-,-,-,Gaming,
Yej,"$3,000",https://www.tiktok.com/@iamyejyt,-,-,-,-,-,-,Gaming,
Dynamowyd,$800,https://www.tiktok.com/@dynamowyd?lang=en,-,-,-,-,-,-,Gaming,
Adonese,$500,https://www.tiktok.com/@fortchamp?lang=en,-,-,-,-,-,-,Gaming,
Plaza,$750,https://www.tiktok.com/@plazamc?lang=en,-,-,-,-,-,-,Gaming,
Ej.official,"$1,000",https://www.tiktok.com/@ej.officiall?lang=en,-,-,-,-,-,-,Gaming,
Aimred,$400,https://www.tiktok.com/@aimredx?lang=en,-,-,-,-,-,-,Gaming,
Taacts,"$2,000",https://www.tiktok.com/@tactss?lang=en,-,-,-,-,-,-,Gaming,
Savagemike,"$4,000",https://www.tiktok.com/@yoyo_savagemike?lang=en,-,-,-,-,-,-,Gaming,
Thelittlesnail,"$2,000",https://www.tiktok.com/@thelittlestsnail?lang=en,-,-,-,-,-,-,Gaming,
Kwanti,$400,https://www.tiktok.com/@kwantifn,-,-,-,-,-,-,Gaming,
Scyfe,$100,https://www.tiktok.com/@scyfeval,-,-,-,-,https://www.youtube.com/@SCYFEVAL/videos,"$2,000",Gaming,
FOOTBALL CREATORS,,,,,,,,,,
william carter,-,-,-,https://www.instagram.com/wc3.william/?hl=en,-,-,-,-,Football,
OTHER CREATORS,,,,,,,,,,
2 sister bees,-,-,-,-,-,-,https://www.youtube.com/@2SisterBees/videos,-,Budgeting,
Jonathan Jordao,-,https://www.tiktok.com/@jonathanmalejordao?lang=en,-,-,-,-,-,-,Boxing,
Ejiogu Dennis,"$4,000",https://www.tiktok.com/@dennis_main,"$3,000",https://www.instagram.com/_dennis.main/?hl=en,-,-,https://www.youtube.com/@dennis_main,"$5,000",Animations,
Foles,$70,https://www.tiktok.com/@foles.ae,-,-,-,-,-,-,movie highlights,
Gala Studio,-,-,-,-,-,-,https://www.youtube.com/@galastudio9,"$2,000",gardening,
Nick Lewis,-,-,-,-,-,-,https://www.youtube.com/@Nick_Lewis,"$15,000",Interior design,
Ekaterina,"$1,100.00",https://www.tiktok.com/@kate_cleanhome,-,-,-,-,https://www.youtube.com/@NoLimitJayxo,$750,cleaning,
,,,,,,,,,,
Keegan Gordon,"$20,000",https://www.tiktok.com/@bigmankg,-,https://www.instagram.com/bigmankg_/?hl=en,-,,,,,
Quincy BTW,"$3,000",https://www.tiktok.com/@quincybytheway,-,https://www.instagram.com/quincybtw,-,,https://www.youtube.com/watch?v=4Wtb4HfJ7rI,-,done,
Laylah Melamed,"$1,000",https://www.tiktok.com/@laylahlmao,-,https://www.instagram.com/laylahmelamed/?hl=en,-,,,-,,
Phil cook,,https://www.tiktok.com/@chemteacherphil?lang=en,-,https://www.instagram.com/chemteacherphil,-,,https://www.youtube.com/channel/UCBVY4zJr4qTXdPlMus1VxqA,-,,
Elisabeth Emond,"$1,200",https://www.tiktok.com/@elisabethemond?lang=en,-,https://www.instagram.com/elisabeth_emond/?hl=en,-,,,-,,
Cian Stanley,,https://www.tiktok.com/@hulkamania_stanley?lang=en,-,https://www.instagram.com/_cian_stanley_/?hl=en,-,,,-,,
Harry pullen,,https://www.tiktok.com/@harrypullen?lang=en,-,,-,,,-,,
Oliver Nordin,"$6,000",https://www.tiktok.com/@olivernordin1?lang=en,-,https://www.instagram.com/olivernordin1/,-,,https://www.youtube.com/@olivernordin,-,,
Orlando James,,https://www.tiktok.com/@iamorlandojames?lang=en,-,https://www.instagram.com/IAMORLANDOJAMES/,-,,https://www.youtube.com/@iamorlandojames,-,,
joemoiise,,https://www.tiktok.com/@joemoiise?lang=en,-,,-,,,-,,
Michaeljamescaa,,https://www.tiktok.com/@michaeljamescaa?lang=en,-,,-,,,-,,
Zoey K,pretty much anything,https://www.tiktok.com/@zoeyyy_12345?lang=en,-,https://www.instagram.com/zoey_kouskousakis/?hl=en,-,,,-,,
DeAndre_02,$250,https://www.tiktok.com/@deandre_02?lang=en,-,https://www.instagram.com/Deandre.lopezz,-,,https://www.youtube.com/@deandrelopezz,-,,
Shariah true,,https://www.tiktok.com/@shariahtrue?lang=en,-,https://www.instagram.com/shariahtrue,-,,https://www.youtube.com/@shariahtrue,-,,
jacobweeby,"$12,500",https://www.tiktok.com/@jacobweeby,-,https://www.instagram.com/jacobweeby/,-,,https://www.youtube.com/channel/UCRFSF9WS_g0wqm32kjJ-jNw/featured,-,,
Avery Warneke,,https://www.tiktok.com/@avery22w,-,https://www.instagram.com/avery.warneke?igshid=NzZlODBkYWE4Ng%3D%3D&utm_source=qr,-,,,-,,
Nora Villalobos,$750,https://www.tiktok.com/@nora.villalobos,"$2,000",https://www.instagram.com/noraxvillalobos/?hl=en,-,$500 dedicated,https://www.instagram.com/noraxvillalobos/?hl=en,-,,
Brock Weeb,,https://www.tiktok.com/@brockweeb,-,https://www.instagram.com/brockweeb?igsh=aXJhaWY3Z3FvOHFn&utm_source=qr,-,,,-,,
Yanelixbellamy,,https://www.tiktok.com/@yanelixbellamy,-,,-,,,-,,
,,,,,,,,,,
Sophie watson,$250,https://www.tiktok.com/@sophiewatsxn,-,https://www.instagram.com/sophiewatsonc/?hl=en,-,,-,-,,
Daniel,,https://www.tiktok.com/@ilikenoodlesz,-,https://www.instagram.com/daniel_cegielski/,-,,https://www.youtube.com/@CegielskiTwins,-,,
Jessie,,https://www.tiktok.com/@jessiee_marie,-,https://www.instagram.com/jessiee_marie_,-,,https://www.youtube.com/channel/UCpHxne9YrfneWhBGt9BZlSA,-,,
Mikaela Lafuente,,https://www.tiktok.com/@mikaalafuente_,-,https://www.instagram.com/mikaelafuente_/?hl=en,-,,https://www.youtube.com/@MikaLafuente,-,,
Jacob Alcaraz,$500,https://www.tiktok.com/@jacobalcarazzz,-,https://www.instagram.com/jacobalcarazzz/?hl=en,-,,-,-,,
Ellie Dobleske,,https://www.tiktok.com/@scrubnumberone,-,https://www.instagram.com/ellieraedobleske/,-,,-,-,,
David,,https://www.tiktok.com/@davidmaluco_,-,https://www.instagram.com/davidmaluco/,-,,-,-,,
Allyson Mcbride,,https://www.tiktok.com/@allyson.mcbride,-,https://www.instagram.com/allyson.mcbride_/,-,,-,-,HERE,
Leroy2real,"$6,500",https://www.tiktok.com/@leroy2real,-,-,-,,-,-,,
twizzynoah,,https://www.tiktok.com/@twizzynoahh,-,https://www.instagram.com/twizzynoahh/,-,,-,-,,
Brielle true crime,,https://www.tiktok.com/@brielletruecrime,-,,-,,,-,,
Logan Micke,"$6,500",https://www.tiktok.com/@loganmicke,-,"$6,500",-,$3900 each yt,,-,,
jhavion.tate,,https://www.tiktok.com/@jhavion.tate,-,,-,,,-,,
Brayden Whaley,,https://www.tiktok.com/@bbraydenwhaleyy,-,,-,,,-,,
Leon Dawson,,https://www.tiktok.com/@quench.d,-,,-,,,-,,
Connor,,https://www.tiktok.com/@notconnoragain,-,,-,,,-,,
Reagan,,https://www.tiktok.com/@reaganizer,-,,-,,,-,,
Cole paress,,https://www.tiktok.com/@coleparess1,-,,-,,,-,,
Tony Statovci,,https://www.tiktok.com/@tonystatovci,-,https://www.instagram.com/tonystatovci/?hl=en,-,,,-,,
Joshua Decena,,https://www.tiktok.com/@joshuadecena_,-,,-,,,-,,
Zonky,,https://www.tiktok.com/@zonky00,-,https://www.instagram.com/zonky._,-,,https://www.youtube.com/channel/UCaA6rhnTO0jRyGkbunIwBYA,-,,
Dominic,,https://www.tiktok.com/@dominicjjuliano,-,,-,,,-,,
Wayne Flexo,,https://www.tiktok.com/@wayneflexo,-,https://www.instagram.com/wayne.fx/?hl=en,-,,https://www.youtube.com/@wayneflexo,-,,
jjustcarter,,https://www.tiktok.com/@jjusttcarter,-,,-,,,-,,
Yoongitea2,,https://www.tiktok.com/@yoongitea2,-,,-,,,-,,
Jordan Morris,,https://www.tiktok.com/@jordan1morris,-,,-,,,-,,
Itsyaboymaina,,https://www.tiktok.com/@itsyaboymaina,-,https://www.instagram.com/itsyaboymainaofficial,-,,,-,,
Mataya Sweeting,,https://www.tiktok.com/@matayasweeting,-,https://www.instagram.com/matayasweeting/?hl=en,-,,,-,,
Kayli jones,,,"$1,500",https://www.instagram.com/kayli_renee_jones/?hl=en,-,,,-,,
thisisvalena,,,"$2,000",https://www.instagram.com/thisisvalena/?hl=en,-,,,-,,
Hannah Rylee,"$3,500",https://www.tiktok.com/@hannahrylee,-,https://www.instagram.com/hannahryleee1/?hl=en,-,,,-,,
Andrea & Lewis,"$10,000",https://www.tiktok.com/@andreaandlewis,-,https://www.instagram.com/andreaandlewis,-,,https://www.youtube.com/channel/UCIvjHBJvS4koTix_Z1S15Aw,-,,
thejadec,"$3,500",https://www.tiktok.com/@thejadec,-,,-,,,-,,
Andrew McKenna,"$4,400",https://www.tiktok.com/@andreww_mckenna,"$8,500",https://www.instagram.com/jadebug98/?hl=en,-,,,-,,
Tatum bittick,,https://www.tiktok.com/@tatumbittick,-,https://www.instagram.com/tatumbittick/?hl=en,-,,,-,,
Thats Isaac,,https://www.tiktok.com/@thatsisaac_,-,https://www.instagram.com/thatsisaac_,-,,https://www.youtube.com/@thatsisaac/shorts,-,,
Andy Stallion,,https://www.tiktok.com/@andystallion,-,,-,,,-,,
mattfindz,,https://www.tiktok.com/@mattfindz,-,,-,,,-,,
amariwow,,https://www.tiktok.com/@amariwow,-,,-,,,-,,
Jonah Kaylor,,https://www.tiktok.com/@jonahkaylormusic,-,https://www.instagram.com/jonahkaylor/?hl=en,-,,,-,,
Coltyy,.,https://www.tiktok.com/@coltyy,-,https://www.instagram.com/kingcoltyy/?hl=en,-,.,https://www.youtube.com/@coltyy,-,,
Jordan Smikle,.,https://www.tiktok.com/@jordansmikle,-,https://www.instagram.com/jordansmiklee?igsh=MXZoOHhqMXoxNDVtcA%3D%3D,-,.,https://www.youtube.com/@jordansmikle,-,,
THE CALLACES,.,https://www.tiktok.com/@thecallaces,-,https://www.instagram.com/the_callaces/?hl=en,-,,,-,,
Mrs.Callace,.,https://www.tiktok.com/@glamorous_jenn,-,https://www.instagram.com/mrs.callace/?hl=en,-,,,-,,
Olivia,.,https://www.tiktok.com/@olivvyuhh?lang=en,-,https://www.instagram.com/oliviassilfies?igsh=MXh2dDBxa2ozZnQ1Mw%3D%3D,-,,,-,,
Sofya,.,https://www.tiktok.com/@sofyaplotnikova?lang=en,-,https://www.instagram.com/sofyaplotnikova/?hl=en,-,.,https://www.youtube.com/@sofyaplotnikova,-,,
Hannah_bhiatt,,https://www.tiktok.com/@hannah_bhiatt,-,,-,,,-,,
Victoria,"$2,000",https://www.tiktok.com/@victoria.jaimess,-,,-,,,-,,
Erik Porto,"$1,500",https://www.tiktok.com/@arkporto,-,https://www.instagram.com/pkb.erik,-,,,-,,
Ejay,,https://www.tiktok.com/@ejayswrld,-,,-,,,-,,
yk4re,,https://www.tiktok.com/@whyk4re,-,https://www.instagram.com/whyk4re,-,,https://www.youtube.com/@ykare,-,,
Nellandbando,,https://www.tiktok.com/@nellandbando,-,https://www.instagram.com/oboi.nell/,-,,,-,,
Jack Bean,,https://www.tiktok.com/@jackbeanuk,-,https://www.instagram.com/jackbeanuk,-,,https://www.youtube.com/@jackbeanuk,-,,
lexibarringtonx,,https://www.tiktok.com/@lexi.barringtonx,-,https://www.instagram.com/lexibarringtonx/reels/?hl=en,-,,,-,,
Jake Suskie,,https://www.tiktok.com/@jakesuskie,-,,-,,,-,,
Logan  ,,https://www.tiktok.com/@loganluvscats,-,,-,,,-,,
Chad,,https://www.tiktok.com/@dicktheimpaler,-,https://www.instagram.com/chadtheimpaler69,-,,https://www.youtube.com/@chadtheimpaler69,-,,
Dashawn Moon,,https://www.tiktok.com/@dashawnmoon,-,https://www.instagram.com/dashawnmoon/?hl=en,-,,https://www.youtube.com/@dashawnmoon,-,,
Fred,,https://www.tiktok.com/@cookingwlthfred,-,https://www.instagram.com/cookingwithfr3d/,-,,https://www.youtube.com/@cookingwithfred,-,,
Desi Johnson,,https://www.tiktok.com/@desijohnsonn,-,https://www.instagram.com/desijohnsonn?igshid=OGQ5ZDc2ODk2ZA%3D%3D&utm_source=qr,-,,https://www.youtube.com/channel/UCJKFshr2CCanKlFBppM5kiA,-,,
,,,-,,-,,,-,,
,,,-,,-,,,-,,
,,,-,,-,,,-,,
,,,-,,-,,,-,,
,,,-,,-,,,-,,
,,,-,,-,,,-,,
,,,-,,-,,,-,,
,,,-,,-,,,-,,
,,,-,,-,,,-,,
,,,-,,-,,,-,,
,,,-,,-,,,-,,
,,,-,,-,,,-,,
,,,-,,-,,,-,,
,,,-,,-,,,-,,
,,,-,,-,,,-,,
,,,-,,-,,,-,,
,,,-,,-,,,-,,
,,,-,,-,,,-,,
,,,-,,-,,,-,,
,,,-,,-,,,-,,
,,,-,,-,,,-,,
,,,-,,-,,,-,,
,,,-,,-,,,-,,
,,,-,,-,,,-,,
,,,-,,-,,,-,,